{"resourceType":"ImplementationGuide","id":"mHealthADE","text":{"status":"generated","div":"<div xmlns=\"http://www.w3.org/1999/xhtml\"><h2>ApplicationDataExchangeAssessmentFrameworkandFunctionalRequirementsforMobileHealth</h2><p>The official URL for this implementation guide is: </p><pre>http://hl7.org/fhir/mHealth-ADE/ImplementationGuide/mHealthADE</pre><div><p>asdf</p>\n</div></div>"},"url":"http://hl7.org/fhir/mHealth-ADE/ImplementationGuide/mHealthADE","version":"0.1.0","name":"ApplicationDataExchangeAssessmentFrameworkandFunctionalRequirementsforMobileHealth","title":"Application Data Exchange Assessment Framework and Functional Requirements for Mobile Health","status":"active","date":"2020-02-18T01:53:19-05:00","publisher":"HL7 International","contact":[{"name":"HL7 Mobile Health Workgroup","telecom":[{"system":"email","value":"https://confluence.hl7.org/display/MH/Mobile+Health"}]},{"name":"Keith W. Boone","telecom":[{"system":"email","value":"kboone@ainq.com"}]}],"description":"asdf","packageId":"mHealthADE","license":"CC0-1.0","fhirVersion":["4.0.1"],"definition":{"extension":[{"extension":[{"url":"code","valueString":"copyrightyear"},{"url":"value","valueString":"2020+"}],"url":"http://hl7.org/fhir/tools/StructureDefinition/ig-parameter"},{"extension":[{"url":"code","valueString":"releaselabel"},{"url":"value","valueString":"CI Build"}],"url":"http://hl7.org/fhir/tools/StructureDefinition/ig-parameter"},{"extension":[{"url":"code","valueString":"show-inherited-invariants"},{"url":"value","valueString":"false"}],"url":"http://hl7.org/fhir/tools/StructureDefinition/ig-parameter"},{"extension":[{"url":"code","valueString":"path-qa"},{"url":"value","valueString":"temp/qa"}],"url":"http://hl7.org/fhir/tools/StructureDefinition/ig-parameter"},{"extension":[{"url":"code","valueString":"path-temp"},{"url":"value","valueString":"temp/pages"}],"url":"http://hl7.org/fhir/tools/StructureDefinition/ig-parameter"},{"extension":[{"url":"code","valueString":"path-output"},{"url":"value","valueString":"output"}],"url":"http://hl7.org/fhir/tools/StructureDefinition/ig-parameter"},{"extension":[{"url":"code","valueString":"path-suppressed-warnings"},{"url":"value","valueString":"input/ignoreWarnings.txt"}],"url":"http://hl7.org/fhir/tools/StructureDefinition/ig-parameter"},{"extension":[{"url":"code","valueString":"template-html"},{"url":"value","valueString":"template-page.html"}],"url":"http://hl7.org/fhir/tools/StructureDefinition/ig-parameter"},{"extension":[{"url":"code","valueString":"template-md"},{"url":"value","valueString":"template-page-md.html"}],"url":"http://hl7.org/fhir/tools/StructureDefinition/ig-parameter"},{"extension":[{"url":"code","valueString":"apply-contact"},{"url":"value","valueString":"true"}],"url":"http://hl7.org/fhir/tools/StructureDefinition/ig-parameter"},{"extension":[{"url":"code","valueString":"apply-context"},{"url":"value","valueString":"true"}],"url":"http://hl7.org/fhir/tools/StructureDefinition/ig-parameter"},{"extension":[{"url":"code","valueString":"apply-copyright"},{"url":"value","valueString":"true"}],"url":"http://hl7.org/fhir/tools/StructureDefinition/ig-parameter"},{"extension":[{"url":"code","valueString":"apply-jurisdiction"},{"url":"value","valueString":"true"}],"url":"http://hl7.org/fhir/tools/StructureDefinition/ig-parameter"},{"extension":[{"url":"code","valueString":"apply-license"},{"url":"value","valueString":"true"}],"url":"http://hl7.org/fhir/tools/StructureDefinition/ig-parameter"},{"extension":[{"url":"code","valueString":"apply-publisher"},{"url":"value","valueString":"true"}],"url":"http://hl7.org/fhir/tools/StructureDefinition/ig-parameter"},{"extension":[{"url":"code","valueString":"apply-version"},{"url":"value","valueString":"true"}],"url":"http://hl7.org/fhir/tools/StructureDefinition/ig-parameter"},{"extension":[{"url":"code","valueString":"active-tables"},{"url":"value","valueString":"true"}],"url":"http://hl7.org/fhir/tools/StructureDefinition/ig-parameter"}],"grouping":[{"id":"_str_profile","name":"Structures: Resource Profiles","description":"These define constraints on FHIR resources that need to be complied with by conformant implementations"}],"resource":[{"extension":[{"url":"http://hl7.org/fhir/StructureDefinition/implementationguide-page","valueUri":"StructureDefinition-mhealth-ade-device.html"}],"reference":{"reference":"StructureDefinition/mhealth-ade-device"},"name":"mHealth ADE Device profile","description":"Defines constraints on the Device Resource for data communicating about the source of device data.","exampleBoolean":false,"groupingId":"_str_profile"},{"extension":[{"url":"http://hl7.org/fhir/StructureDefinition/implementationguide-page","valueUri":"StructureDefinition-mhealth-ade-observation.html"}],"reference":{"reference":"StructureDefinition/mhealth-ade-observation"},"name":"mHealth ADE Observation profile","description":"Defines constraints and extensions on the Observation Resource for data communicated from devices","exampleBoolean":false,"groupingId":"_str_profile"}],"page":{"nameUrl":"toc.html","title":"Table of Contents","generation":"html","page":[{"nameUrl":"index.html","title":"Application Data Exchange Assessment Framework and Functional Requirements for Mobile Health","generation":"markdown"},{"nameUrl":"actors.html","title":"Actors","generation":"markdown"},{"nameUrl":"appendices.html","title":"Appendices","generation":"markdown"},{"nameUrl":"attribution.html","title":"Attribution","generation":"markdown"},{"nameUrl":"conformance.html","title":"Conformance","generation":"markdown"},{"nameUrl":"datasharing.html","title":"Datasharing","generation":"markdown"},{"nameUrl":"deviceattributes.html","title":"Deviceattributes","generation":"markdown"},{"nameUrl":"deviceconfig.html","title":"Deviceconfig","generation":"markdown"},{"nameUrl":"functionalrequirements.html","title":"Functionalrequirements","generation":"markdown"},{"nameUrl":"observations.html","title":"Observations","generation":"markdown"},{"nameUrl":"overview.html","title":"Overview","generation":"markdown"},{"nameUrl":"resourceprofiles.html","title":"Resourceprofiles","generation":"markdown"},{"nameUrl":"usecases.html","title":"Usecases","generation":"markdown"},{"nameUrl":"userattributes.html","title":"Userattributes","generation":"markdown"},{"nameUrl":"userdemographics.html","title":"Userdemographics","generation":"markdown"},{"nameUrl":"usingthisguide.html","title":"Usingthisguide","generation":"markdown"},{"nameUrl":"artifacts.html","title":"Artifacts Summary","generation":"html","page":[{"nameUrl":"StructureDefinition-mhealth-ade-device.html","title":"mHealth ADE Device profile","generation":"generated"},{"nameUrl":"StructureDefinition-mhealth-ade-observation.html","title":"mHealth ADE Observation profile","generation":"generated"}]}]},"parameter":[{"code":"path-resource","value":"input/capabilities"},{"code":"path-resource","value":"input/examples"},{"code":"path-resource","value":"input/extensions"},{"code":"path-resource","value":"input/models"},{"code":"path-resource","value":"input/operations"},{"code":"path-resource","value":"input/profiles"},{"code":"path-resource","value":"input/resources"},{"code":"path-resource","value":"input/vocabulary"},{"code":"path-pages","value":"template/config"},{"code":"path-pages","value":"input/images"},{"code":"path-tx-cache","value":"input-cache/txcache"}]}}